{"[STEP] Loss": 1.1303443908691406, "Train batch": 0, "_timestamp": 1717160545.3719115, "_runtime": 3.2787914276123047, "_step": 1, "[EPOCH] Loss": 1.1303443908691406, "_wandb": {"runtime": 11}}