{"[STEP] Loss": 0.04626539722084999, "Train batch": 600, "_timestamp": 1717160665.4375956, "_runtime": 92.50986862182617, "_step": 9, "[EPOCH] Loss": 0.04626539722084999}