{"[STEP] Loss": 0.020245589315891266, "Train batch": 1100, "_timestamp": 1717162295.776301, "_runtime": 170.68536281585693, "_step": 15, "[EPOCH] Loss": 0.026171209290623665, "_wandb": {"runtime": 182}}