{"[STEP] Loss": 0.0052755894139409065, "Train batch": 2900, "_timestamp": 1717166102.015263, "_runtime": 430.48901104927063, "_step": 39, "[EPOCH] Loss": 0.003775054821744561, "_wandb": {"runtime": 453}}