{"[STEP] Loss": 0.341191828250885, "_timestamp": 1717156351.395184, "_runtime": 254.25067806243896, "_step": 3, "_wandb": {"runtime": 277}}