{"[STEP] Loss": 0.057625703513622284, "Train batch": 500, "_timestamp": 1717161816.3774738, "_runtime": 75.64444780349731, "_step": 7, "[EPOCH] Loss": 0.13888202607631683, "_wandb": {"runtime": 75}}