{"[STEP] Loss": 0.0050806449726223946, "Train batch": 1900, "_timestamp": 1717169902.0656993, "_runtime": 272.7586064338684, "_step": 26, "[EPOCH] Loss": 0.005378279369324446, "_wandb": {"runtime": 295}}