{"[STEP] Loss": 0.0033821759279817343, "Train batch": 2900, "_timestamp": 1717169510.4203255, "_runtime": 417.68973660469055, "_step": 39, "[EPOCH] Loss": 0.003569735214114189, "_wandb": {"runtime": 454}}