{"[STEP] Loss": 0.6697084903717041, "Train batch": 200, "_timestamp": 1717160199.8619077, "_runtime": 242.889479637146, "_step": 3, "[EPOCH] Loss": 1.152683973312378, "_wandb": {"runtime": 251}}