{"[STEP] Loss": 0.006052115932106972, "Train batch": 1800, "_timestamp": 1717162104.6056762, "_runtime": 264.4231071472168, "_step": 25, "[EPOCH] Loss": 0.006052115932106972, "_wandb": {"runtime": 266}}