{"[STEP] Loss": 0.004110200330615044, "Train batch": 2900, "_timestamp": 1717162802.9548774, "_runtime": 418.058203458786, "_step": 39, "[EPOCH] Loss": 0.0034145440440624952, "_wandb": {"runtime": 1453}}